xr_pre_post_checks;drc_odd
xr_pre_post_checks;drc_even
xr_pre_post_checks;drc_legacy_odd
xr_pre_post_checks;drc_legacy_even
nx_pre_post_checks;dsc_legacy_odd
nx_pre_post_checks;dsc_legacy_even
nx_pre_post_checks;sb_odd
nx_pre_post_checks;sb_even
backup;drc_odd
backup;drc_even
backup;drc_legacy_odd
backup;drc_legacy_even
backup;dsc_legacy_odd
backup;dsc_legacy_even
backup;sb_odd
backup;sb_even
path_validation;sb_odd
drc_subif_bgp_state;drc_legacy_odd
drc_subif_bgp_state;drc_legacy_even
sb_if_bgp_state;sb_odd
sb_if_bgp_state;sb_even
sb_if_vlan_config_validation;sb_odd
sb_if_vlan_config_validation;sb_even
dsc_if_vlan_config_validation;dsc_odd
dsc_if_vlan_config_validation;dsc_even
drc_be_subif_config_validation;drc_odd
drc_be_subif_config_validation;drc_even
drc_pre_config;drc_odd
dsc_pre_config;dsc_odd
drc_pre_config;drc_even
dsc_pre_config;dsc_even
min_links_off;drc_legacy_odd
min_links_off;drc_legacy_even
min_links_off;sb_odd
min_links_off;sb_even
sb_lo0_check;sb_odd
sb_lo0_check;sb_even
sb_lo0_config;sb_odd
sb_lo0_config;sb_even
sb_lo0_check;sb_odd
sb_lo0_check;sb_even
sb_hsrp_odd_to_even;sb_odd
drc_if_bgp_shutdown;drc_legacy_odd
path_validation;sb_odd
sb_1st_leg_migration_traffic_status;sb_even
sb_if_bgp_shutdown;sb_odd
sb_pre_config;sb_odd
drc_subif_bgp_no_shut;drc_odd
dsc_if_no_shut;dsc_odd
sb_subif_bgp_no_shut;sb_odd
path_validation;sb_odd
sb_if_bgp_state;sb_odd
dsc_if_state;dsc_odd
drc_subif_bgp_state;drc_odd
sb_hsrp_even_to_odd;sb_odd
drc_if_bgp_shutdown;drc_legacy_even
path_validation;sb_odd
tbd;tbd
tbd;tbd
tbd;tbd
tbd;tbd
tbd;tbd
tbd;tbd
tbd;tbd
path_validation;sb_odd
tbd;tbd
tbd;tbd
drc_subif_bgp_state;drc_even
tbd;tbd
tbd;tbd
tbd;tbd
tbd;tbd
tbd;tbd
tbd;tbd
tbd;tbd
tbd;tbd
drc_subif_bgp_state;drc_odd
drc_subif_bgp_state;drc_even
tbd;tbd
drc_subif_bgp_state;drc_odd
drc_subif_bgp_state;drc_even
dsc_if_vlan_config_validation;dsc_odd
dsc_if_vlan_config_validation;dsc_even
tbd;tbd
tbd;tbd
tbd;tbd
drc_subif_bgp_state;drc_odd
tbd;tbd
drc_subif_bgp_state;drc_legacy_odd
sb_if_bgp_state;sb_odd
tbd;tbd
drc_subif_bgp_state;drc_even
tbd;tbd
drc_subif_bgp_state;drc_legacy_even
sb_if_bgp_state;sb_even
